items were not renamed properly in the first conversion. I had modified a lot of existing items for example just to change the costs around, but those strings got converted without the proper formatting and also became separate items entirely. This conversion is intended to fix that...
all_aim_orb -> orb_all_aim /
apple -> food_apple /
apple_cider -> cafe_apple_cider / 
aspear_berry -> berry_aspear /
band_of_passage -> held_band_of_passage /
black_gummi -> gummi_black /
blast_seed -> seed_blast /
blue_gummi -> gummi_blue /
brown_gummi -> gummi_brown /
cheri_berry -> berry_cheri / 
cheri_bomb -> cafe_cheri_bomb /
cheri_scarf -> held_cheri_scarf / 
chesto_berry -> berry_chesto / 
cleanse_orb -> orb_cleanse / 
clear_gummi -> gummi_clear / 
defense_scarf -> held_defense_scarf / 
domi_blend -> cafe_domi_blend / 
escape_orb -> orb_escape /
fill_in_orb -> orb_fill_in / 
foe_hold_orb -> orb_foe_hold/
foe_seal_orb -> orb_foe_seal/
gold_gummi -> gummi_gold / 
grass_gummi -> gummi_grass /
gray_grummi -> gummi_gray /
insomniascope -> held_insomniascope /
invert_orb -> orb_invert / 
leppa_berry -> berry_leppa / 
lum_berry -> berry_lum / 
luminous_orb -> orb_luminous /
magenta_gummi -> gummi_magenta / 
oran_berry -> berry_oran/ 
orange_gummi -> gummi_orange /
pecha_berry -> berry_pecha / 
pecha_scarf -> held_pecha_scarf / 
persim_band -> held_persim_band / 
persim_berry -> berry_persim /
petrify_orb -> orb_petrify /
pink_gummi -> gummi_pink /
plain_seed -> seed_plain /
power_band -> held_power_band/
purple_gummi -> gummi_purple/
rawst_berry -> berry_rawst/
rawst_scarf -> held_rawst_scarf /
red_gummi -> gummi_red /
reunion_cape -> held_reunion_cape /
reviver_seed -> seed_reviver /
rollcall_orb -> orb_rollcall/
royal_gummi -> gummi_royal/
scanner_orb -> orb_scanner/
silver_gummi -> gummi_silver/
sky_gummi -> gummi_sky/
sleep_seed -> seed_sleep/
slumber_orb -> orb_slumber/
special_band -> held_special_band /
spurn_orb -> orb_spurn/
synergy_scarf -> held_synergy_scarf
totter_orb -> orb_totter /
trawl_orb -> orb_trawl /
vile_seed -> seed_vile/
warp_seed -> seed_warp /
white_gummi -> gummi_white/
wonder_gummi -> gummi_wonder/
yellow_gummi -> gummi_yellow/
zinc_band -> held_zinc_band/
